<?xml version="1.0" encoding="UTF-8"?>

<!--Copyright (c) 2012 by Subset Games. All rights reserved.-->
<img x="-51" y="-47" w="418" h="428" />
<offsets>
	<floor x="209" y="214" />
	<cloak x="0" y="0" />
</offsets>
<weaponMounts>
	<mount x="351" y="194" rotate="false" mirror="false" gib="-1" slide="up" />
	<mount x="240" y="94" rotate="false" mirror="false" gib="-1" slide="right" />
	<mount x="67" y="194" rotate="false" mirror="true" gib="-1" slide="up" />
	<mount x="178" y="92" rotate="false" mirror="true" gib="-1" slide="left" />
</weaponMounts>
<explosion />

