<?xml version='1.0' encoding='utf-8'?>




<img x="-69" y="-61" w="418" h="652" />
<offsets>
	<floor x="209" y="326" />
	<cloak x="209" y="326" />
</offsets>
<weaponMounts>
	<mount x="295" y="271" rotate="false" mirror="false" gib="3" slide="right" />
	<mount x="123" y="271" rotate="false" mirror="true" gib="3" slide="left" />
	<mount x="272" y="206" rotate="false" mirror="false" gib="4" slide="right" />
	<mount x="146" y="206" rotate="false" mirror="true" gib="4" slide="left" />
</weaponMounts>
<explosion>
	<gib1><velocity min="0.26037818558229936" max="0.8679272852743312" /><direction min="207" max="223" /><angular min="-0.943824271508435" max="0.943824271508435" /><x>220</x><y>343</y></gib1><gib2><velocity min="0.22280565615520395" max="0.7426855205173465" /><direction min="134" max="150" /><angular min="-0.8525122888551255" max="0.8525122888551255" /><x>27</x><y>319</y></gib2><gib3><velocity min="0.1" max="0.1" /><direction min="185" max="201" /><angular min="-0.5412983770287141" max="0.5412983770287141" /><x>78</x><y>204</y></gib3><gib4><velocity min="0.36718257028236206" max="1.223941900941207" /><direction min="-7" max="9" /><angular min="-1.2118866725956041" max="1.2118866725956041" /><x>139</x><y>28</y></gib4><gib5><velocity min="0.2179635918504183" max="0.726545306168061" /><direction min="172" max="188" /><angular min="-0.8005841498982353" max="0.8005841498982353" /><x>120</x><y>356</y></gib5></explosion>
<thrusters sync="true">
    <thruster x="42" y="570">mu_kestrel</thruster>
    <thruster x="308" y="570">mu_kestrel</thruster>
</thrusters>
