<?xml version='1.0' encoding='utf-8'?>



<img x="-48" y="-59" w="521" h="470" />
<offsets>
	<floor x="42" y="53" />
	<cloak x="-6" y="-6" />
</offsets>
<weaponMounts>
	<mount x="420" y="60" rotate="true" mirror="true" gib="3" slide="up" />
	<mount x="420" y="410" rotate="true" mirror="false" gib="1" slide="down" />
	<mount x="506" y="197" rotate="true" mirror="true" gib="3" slide="up" />
	<mount x="506" y="273" rotate="true" mirror="false" gib="1" slide="down" />
	<mount x="509" y="253" rotate="true" mirror="true" gib="1" slide="no" />
	<mount x="499" y="228" rotate="true" mirror="false" gib="3" slide="no" />
</weaponMounts>
<explosion>
	<gib1><velocity min="0.211087782701216" max="0.7036259423373867" /><direction min="231" max="247" /><angular min="-0.7254025688228697" max="0.7254025688228697" /><x>274</x><y>221</y></gib1><gib2><velocity min="0.1" max="0.18622184451184862" /><direction min="93" max="109" /><angular min="-0.3881720186602654" max="0.3881720186602654" /><x>36</x><y>99</y></gib2><gib3><velocity min="0.21903487577073968" max="0.7301162525691323" /><direction min="290" max="306" /><angular min="-0.7380048221820372" max="0.7380048221820372" /><x>287</x><y>55</y></gib3><gib4><velocity min="0.32114305594487796" max="1.0704768531495932" /><direction min="47" max="63" /><angular min="-0.849779386247583" max="0.849779386247583" /><x>0</x><y>0</y></gib4><gib5><velocity min="0.44999999999999996" max="1.5" /><direction min="120" max="136" /><angular min="-1.1992513817952846" max="1.1992513817952846" /><x>0</x><y>287</y></gib5></explosion>

