<?xml version='1.0' encoding='utf-8'?>



<img x="-16" y="-47" w="514" h="343" />
<offsets>
	<floor x="10" y="41" />
	<cloak x="-21" y="-1" />
</offsets>
<weaponMounts>
	<mount x="449" y="131" rotate="true" mirror="true" gib="2" slide="up" />
	<mount x="381" y="79" rotate="true" mirror="true" gib="2" slide="up" />
	<mount x="307" y="32" rotate="true" mirror="true" gib="4" slide="up" />
	<mount x="401" y="243" rotate="true" mirror="false" gib="2" slide="down" />
	<mount x="497" y="195" rotate="true" mirror="false" gib="2" slide="no" />
	<mount x="494" y="196" rotate="true" mirror="false" gib="2" slide="no" />
</weaponMounts>
<explosion>
	<gib1><velocity min="0.22480889669539478" max="0.7493629889846493" /><direction min="118" max="134" /><angular min="-0.7388355733828239" max="0.7388355733828239" /><x>3</x><y>195</y></gib1><gib2><velocity min="0.1" max="0.1" /><direction min="289" max="305" /><angular min="-0.2922536261914629" max="0.2922536261914629" /><x>32</x><y>77</y></gib2><gib3><velocity min="0.23444540499906133" max="0.7814846833302045" /><direction min="65" max="81" /><angular min="-0.6851050600938186" max="0.6851050600938186" /><x>0</x><y>32</y></gib3><gib4><velocity min="0.13621877173407423" max="0.45406257244691417" /><direction min="-7" max="9" /><angular min="-0.7745647398481139" max="0.7745647398481139" /><x>135</x><y>21</y></gib4><gib5><velocity min="0.1585913426003637" max="0.528637808667879" /><direction min="182" max="198" /><angular min="-0.9442341239479723" max="0.9442341239479723" /><x>168</x><y>184</y></gib5></explosion>

