<?xml version='1.0' encoding='utf-8'?>




<img x="-63" y="-104" w="652" h="418" />
<offsets>
	<floor x="57" y="98" />
	<cloak x="19" y="19" />
</offsets>
<weaponMounts>
	<mount x="385" y="128" rotate="true" mirror="true" gib="3" slide="up" />
	<mount x="385" y="290" rotate="true" mirror="false" gib="5" slide="down" />
	<mount x="460" y="149" rotate="true" mirror="true" gib="2" slide="up" />
	<mount x="460" y="269" rotate="true" mirror="false" gib="2" slide="down" />
</weaponMounts>
<explosion>
	<gib1><velocity min="0.2200559679839091" max="0.733519893279697" /><direction min="106" max="122" /><angular min="-0.7120204527217422" max="0.7120204527217422" /><x>27</x><y>183</y></gib1><gib2><velocity min="0.22535407457571657" max="0.751180248585722" /><direction min="270" max="286" /><angular min="-0.7039805162456871" max="0.7039805162456871" /><x>396</x><y>71</y></gib2><gib3><velocity min="0.1" max="0.2680396077282852" /><direction min="12" max="28" /><angular min="-0.6897275800357923" max="0.6897275800357923" /><x>181</x><y>28</y></gib3><gib4><velocity min="0.3038442761129502" max="1.012814253709834" /><direction min="54" max="70" /><angular min="-0.8542109387243378" max="0.8542109387243378" /><x>27</x><y>6</y></gib4><gib5><velocity min="0.1410821661231159" max="0.470273887077053" /><direction min="172" max="188" /><angular min="-1.1331048614617052" max="1.1331048614617052" /><x>212</x><y>205</y></gib5></explosion>
<thrusters sync="true">
    <thruster x="29" y="18">mup_fed_thruster</thruster>
    <thruster x="61" y="307">mup_fed_thruster</thruster>
</thrusters>
