<?xml version='1.0' encoding='utf-8'?>



<img x="-137" y="-92" w="594" h="463" />
<offsets>
	<floor x="131" y="86" />
	<cloak x="-10" y="-10" />
</offsets>
<weaponMounts>
	<mount x="530" y="144" rotate="true" mirror="true" gib="3" slide="right" />
	<mount x="530" y="318" rotate="true" mirror="false" gib="3" slide="right" />
	<mount x="460" y="106" rotate="true" mirror="true" gib="3" slide="right" />
	<mount x="460" y="357" rotate="true" mirror="false" gib="5" slide="right" />
	<mount x="567" y="217" rotate="true" mirror="false" gib="3" slide="no" />
</weaponMounts>
<explosion>
	<gib1><velocity min="0.1265039152531113" max="0.42167971751037103" /><direction min="142" max="158" /><angular min="-0.7673910790449237" max="0.7673910790449237" /><x>136</x><y>204</y></gib1><gib2><velocity min="0.22062939205403248" max="0.7354313068467749" /><direction min="78" max="94" /><angular min="-0.8339776468549643" max="0.8339776468549643" /><x>26</x><y>120</y></gib2><gib3><velocity min="0.23603622659424006" max="0.7867874219808002" /><direction min="266" max="282" /><angular min="-0.8259627595675304" max="0.8259627595675304" /><x>364</x><y>104</y></gib3><gib4><velocity min="0.1" max="0.32068801821047915" /><direction min="-8" max="8" /><angular min="-0.5721281464530893" max="0.5721281464530893" /><x>136</x><y>28</y></gib4><gib5><velocity min="0.1920561167627067" max="0.640187055875689" /><direction min="222" max="238" /><angular min="-0.8254138529808991" max="0.8254138529808991" /><x>292</x><y>205</y></gib5></explosion>

