<?xml version='1.0' encoding='utf-8'?>




<img x="-98" y="-104" w="652" h="418" />
<offsets>
	<floor x="92" y="98" />
	<cloak x="19" y="19" />
</offsets>
<weaponMounts>
	<mount x="385" y="128" rotate="true" mirror="true" gib="3" slide="up" />
	<mount x="385" y="290" rotate="true" mirror="false" gib="5" slide="down" />
	<mount x="460" y="149" rotate="true" mirror="true" gib="2" slide="up" />
	<mount x="460" y="269" rotate="true" mirror="false" gib="2" slide="down" />
</weaponMounts>
<explosion>
	<gib1><velocity min="0.20881108077370478" max="0.6960369359123493" /><direction min="105" max="121" /><angular min="-0.6822903329637708" max="0.6822903329637708" /><x>27</x><y>174</y></gib1><gib2><velocity min="0.18750953894363856" max="0.6250317964787953" /><direction min="271" max="287" /><angular min="-0.6311103759696975" max="0.6311103759696975" /><x>368</x><y>71</y></gib2><gib3><velocity min="0.1" max="0.19226021924512673" /><direction min="11" max="27" /><angular min="-0.6424164463825703" max="0.6424164463825703" /><x>193</x><y>28</y></gib3><gib4><velocity min="0.32770041110736886" max="1.0923347036912296" /><direction min="53" max="69" /><angular min="-0.9101436000190829" max="0.9101436000190829" /><x>27</x><y>6</y></gib4><gib5><velocity min="0.14013963690020262" max="0.4671321230006754" /><direction min="158" max="174" /><angular min="-1.0579226972772138" max="1.0579226972772138" /><x>184</x><y>211</y></gib5></explosion>
<thrusters sync="true">
    <thruster x="29" y="18">mup_fed_thruster</thruster>
    <thruster x="61" y="307">mup_fed_thruster</thruster>
</thrusters>
