<?xml version='1.0' encoding='utf-8'?>




<img x="-91" y="-43" w="463" h="594" />
<offsets>
	<floor x="231" y="297" />
	<cloak x="231" y="297" />
</offsets>
<weaponMounts>
	<mount x="319" y="68" rotate="false" mirror="false" gib="4" slide="up" />
	<mount x="144" y="66" rotate="false" mirror="true" gib="3" slide="up" />
	<mount x="386" y="152" rotate="false" mirror="false" gib="2" slide="up" />
	<mount x="76" y="152" rotate="false" mirror="true" gib="3" slide="up" />
</weaponMounts>
<explosion><gib1><velocity min="0.1" max="0.1" /><direction min="86" max="102" /><angular min="-0.361673899566026" max="0.361673899566026" /><x>30</x><y>142</y></gib1><gib2><velocity min="0.1" max="0.31144978030877496" /><direction min="263" max="279" /><angular min="-0.5730307179426122" max="0.5730307179426122" /><x>221</x><y>135</y></gib2><gib3><velocity min="0.19984993094245018" max="0.666166436474834" /><direction min="24" max="40" /><angular min="-0.7050038451679056" max="0.7050038451679056" /><x>28</x><y>36</y></gib3><gib4><velocity min="0.36750120233097244" max="1.2250040077699083" /><direction min="-15" max="1" /><angular min="-1.145209244222361" max="1.145209244222361" /><x>152</x><y>28</y></gib4><gib5><velocity min="0.2037270992757406" max="0.6790903309191353" /><direction min="176" max="192" /><angular min="-0.809551523306911" max="0.809551523306911" /><x>143</x><y>322</y></gib5></explosion>

