<?xml version='1.0' encoding='utf-8'?>




<img x="-29" y="-67" w="374" h="524" /><!--+ +4 width, +15 hight (+1 at top, +1 at left side)-->
<offsets>
	<floor x="186" y="257" />
	<cloak x="0" y="0" />
</offsets>
<weaponMounts>
	<mount x="68" y="115" rotate="false" mirror="true" gib="4" slide="no" />
	<mount x="305" y="115" rotate="false" mirror="false" gib="4" slide="no" />
	<mount x="10" y="365" rotate="false" mirror="true" gib="1" slide="no" />
	<mount x="363" y="365" rotate="false" mirror="false" gib="5" slide="no" />
</weaponMounts>
<explosion><gib1><velocity min="0.2689026613474073" max="0.8963422044913577" /><direction min="142" max="158" /><angular min="-0.7430447525645361" max="0.7430447525645361" /><x>7</x><y>311</y></gib1><gib2><velocity min="0.10008856796146193" max="0.3336285598715398" /><direction min="245" max="261" /><angular min="-0.7005952064622416" max="0.7005952064622416" /><x>156</x><y>177</y></gib2><gib3><velocity min="0.1" max="0.19656492036306575" /><direction min="98" max="114" /><angular min="-0.5772314293845918" max="0.5772314293845918" /><x>22</x><y>163</y></gib3><gib4><velocity min="0.15250998583415165" max="0.5083666194471722" /><direction min="-8" max="8" /><angular min="-0.5183564336970412" max="0.5183564336970412" /><x>65</x><y>4</y></gib4><gib5><velocity min="0.2535201004441666" max="0.8450670014805555" /><direction min="200" max="216" /><angular min="-0.7156366202535082" max="0.7156366202535082" /><x>172</x><y>308</y></gib5></explosion>

<thrusters sync="true">
    <thruster x="62" y="494">fm_forgemaster_thruster</thruster>
    <thruster x="274" y="494">fm_forgemaster_thruster</thruster>
</thrusters>