<?xml version='1.0' encoding='utf-8'?>




<img x="-63" y="-104" w="652" h="418" />
<offsets>
	<floor x="57" y="98" />
	<cloak x="19" y="19" />
</offsets>
<weaponMounts>
	<mount x="385" y="128" rotate="true" mirror="true" gib="3" slide="up" />
	<mount x="385" y="290" rotate="true" mirror="false" gib="5" slide="down" />
	<mount x="460" y="149" rotate="true" mirror="true" gib="2" slide="up" />
	<mount x="460" y="269" rotate="true" mirror="false" gib="2" slide="down" />
	<mount x="399" y="151" rotate="true" mirror="false" gib="3" slide="no" />
</weaponMounts>
<explosion>
	<gib1><velocity min="0.22746338266037197" max="0.7582112755345732" /><direction min="106" max="122" /><angular min="-0.7241419624217118" max="0.7241419624217118" /><x>27</x><y>180</y></gib1><gib2><velocity min="0.18750953894363856" max="0.6250317964787953" /><direction min="271" max="287" /><angular min="-0.6311103759696975" max="0.6311103759696975" /><x>368</x><y>71</y></gib2><gib3><velocity min="0.10009125543889028" max="0.33363751812963427" /><direction min="13" max="29" /><angular min="-0.7454777070063694" max="0.7454777070063694" /><x>175</x><y>28</y></gib3><gib4><velocity min="0.3146958907831781" max="1.0489863026105937" /><direction min="53" max="69" /><angular min="-0.8779346525540727" max="0.8779346525540727" /><x>27</x><y>6</y></gib4><gib5><velocity min="0.14113535376895464" max="0.4704511792298488" /><direction min="159" max="175" /><angular min="-0.9997652237710931" max="0.9997652237710931" /><x>193</x><y>204</y></gib5></explosion>
<thrusters sync="true">
    <thruster x="29" y="18">mup_fed_thruster</thruster>
    <thruster x="61" y="307">mup_fed_thruster</thruster>
</thrusters>
