<?xml version='1.0' encoding='utf-8'?>




<img x="-63" y="-104" w="652" h="418" />
<offsets>
	<floor x="57" y="98" />
	<cloak x="19" y="19" />
</offsets>
<weaponMounts>
	<mount x="385" y="128" rotate="true" mirror="true" gib="3" slide="up" />
	<mount x="385" y="290" rotate="true" mirror="false" gib="5" slide="down" />
	<mount x="460" y="149" rotate="true" mirror="true" gib="2" slide="up" />
	<mount x="460" y="269" rotate="true" mirror="false" gib="2" slide="down" />
	<mount x="399" y="151" rotate="true" mirror="false" gib="2" slide="no" />
	<mount x="454" y="296" rotate="true" mirror="false" gib="2" slide="up" />
	<mount x="334" y="345" rotate="true" mirror="false" gib="5" slide="up" />
	<mount x="194" y="346" rotate="true" mirror="false" gib="5" slide="up" />
	<mount x="334" y="345" rotate="true" mirror="false" gib="5" slide="up" />
	<mount x="194" y="346" rotate="true" mirror="false" gib="5" slide="up" />
</weaponMounts>
<explosion>
	<gib1><velocity min="0.1" max="0.17915114445883681" /><direction min="101" max="117" /><angular min="-0.32706188925081425" max="0.32706188925081425" /><x>27</x><y>100</y></gib1><gib2><velocity min="0.20539605381421622" max="0.6846535127140541" /><direction min="270" max="286" /><angular min="-0.6655567959810215" max="0.6655567959810215" /><x>382</x><y>71</y></gib2><gib3><velocity min="0.13076642122668428" max="0.4358880707556143" /><direction min="16" max="32" /><angular min="-0.8341722780935723" max="0.8341722780935723" /><x>165</x><y>28</y></gib3><gib4><velocity min="0.26398914619594127" max="0.8799638206531376" /><direction min="55" max="71" /><angular min="-0.7738417231168621" max="0.7738417231168621" /><x>27</x><y>6</y></gib4><gib5><velocity min="0.1" max="0.332942994128541" /><direction min="148" max="164" /><angular min="-0.7660731638758382" max="0.7660731638758382" /><x>176</x><y>172</y></gib5></explosion>
<thrusters sync="true">
    <thruster x="29" y="18">mup_fed_thruster</thruster>
    <thruster x="61" y="307">mup_fed_thruster</thruster>
</thrusters>
