<?xml version='1.0' encoding='utf-8'?>



<img x="-26" y="-65" w="488" h="410" />
<offsets>
	<floor x="20" y="59" />
	<cloak x="-25" y="-25" />
</offsets>
<weaponMounts>
	<mount x="429" y="60" rotate="true" mirror="true" gib="3" slide="up" />
	<mount x="429" y="343" rotate="true" mirror="false" gib="1" slide="down" />
	<mount x="310" y="14" rotate="true" mirror="true" gib="3" slide="up" />
	<mount x="310" y="393" rotate="true" mirror="false" gib="5" slide="down" />
</weaponMounts>
<explosion><gib1><velocity min="0.17325998729748984" max="0.5775332909916329" /><direction min="224" max="240" /><angular min="-0.5657456778154791" max="0.5657456778154791" /><x>242</x><y>197</y></gib1><gib2><velocity min="0.156497938467383" max="0.5216597948912767" /><direction min="75" max="91" /><angular min="-0.5424742427763576" max="0.5424742427763576" /><x>0</x><y>62</y></gib2><gib3><velocity min="0.23368595450062754" max="0.7789531816687585" /><direction min="294" max="310" /><angular min="-0.6777613782090057" max="0.6777613782090057" /><x>292</x><y>6</y></gib3><gib4><velocity min="0.10176122643783225" max="0.33920408812610753" /><direction min="17" max="33" /><angular min="-0.5541066624465896" max="0.5541066624465896" /><x>97</x><y>0</y></gib4><gib5><velocity min="0.13334770600499998" max="0.4444923533499999" /><direction min="138" max="154" /><angular min="-0.5153380553766902" max="0.5153380553766902" /><x>27</x><y>215</y></gib5></explosion>

