<?xml version='1.0' encoding='utf-8'?>




<img x="-59" y="-84" w="400" h="550" />
<offsets>
	<floor x="200" y="275" />
	<cloak x="-10" y="-10" />
</offsets>
<weaponMounts>
	<mount x="266" y="75" rotate="false" mirror="true" gib="3" slide="left" />
	<mount x="127" y="72" rotate="false" mirror="false" gib="4" slide="right" />
	<mount x="62" y="100" rotate="false" mirror="true" gib="4" slide="left" />
	<mount x="337" y="100" rotate="false" mirror="false" gib="3" slide="right" />
	<mount x="28" y="399" rotate="false" mirror="true" gib="1" slide="no" />
	<mount x="349" y="167" rotate="false" mirror="false" gib="3" slide="no" />
	<mount x="371" y="413" rotate="false" mirror="false" gib="5" slide="no" />
	<mount x="48" y="166" rotate="false" mirror="true" gib="4" slide="no" />
</weaponMounts>
<explosion><gib1><velocity min="0.1" max="0.3131599429674235" /><direction min="133" max="149" /><angular min="-0.4522959895443265" max="0.4522959895443265" /><x>26</x><y>199</y></gib1><gib2><velocity min="0.1" max="0.16171784034014158" /><direction min="-13" max="3" /><angular min="-0.3177485247389923" max="0.3177485247389923" /><x>56</x><y>34</y></gib2><gib3><velocity min="0.3857970383286178" max="1.2859901277620593" /><direction min="323" max="339" /><angular min="-1.1950954524289927" max="1.1950954524289927" /><x>217</x><y>26</y></gib3><gib4><velocity min="0.1755143356644116" max="0.5850477855480387" /><direction min="17" max="33" /><angular min="-0.6849619712671795" max="0.6849619712671795" /><x>49</x><y>26</y></gib4><gib5><velocity min="0.1" max="0.2808793955356993" /><direction min="178" max="194" /><angular min="-0.3743679502139245" max="0.3743679502139245" /><x>52</x><y>265</y></gib5></explosion>

