<?xml version='1.0' encoding='utf-8'?>



<img x="-97" y="-150" w="626" h="514" />
<offsets>
	<floor x="91" y="144" />
	<cloak x="-1" y="-1" />
</offsets>
<weaponMounts>
	<mount x="521" y="308" rotate="true" mirror="false" gib="3" slide="down" />
	<mount x="521" y="206" rotate="true" mirror="true" gib="3" slide="up" />
	<mount x="456" y="337" rotate="true" mirror="false" gib="3" slide="down" />
	<mount x="457" y="177" rotate="true" mirror="true" gib="3" slide="up" />
</weaponMounts>
<explosion><gib1><velocity min="0.1" max="0.3034950088990164" /><direction min="163" max="179" /><angular min="-0.5631996399279856" max="0.5631996399279856" /><x>124</x><y>242</y></gib1><gib2><velocity min="0.1" max="0.18306266399113735" /><direction min="92" max="108" /><angular min="-0.6038790283661322" max="0.6038790283661322" /><x>77</x><y>163</y></gib2><gib3><velocity min="0.10407999185022863" max="0.3469333061674288" /><direction min="263" max="279" /><angular min="-0.6365621908826272" max="0.6365621908826272" /><x>238</x><y>157</y></gib3><gib4><velocity min="0.1465632570091406" max="0.48854419003046873" /><direction min="32" max="48" /><angular min="-0.5898901329142932" max="0.5898901329142932" /><x>30</x><y>30</y></gib4><gib5><velocity min="0.2856883436424932" max="0.9522944788083106" /><direction min="125" max="141" /><angular min="-0.9103338452833238" max="0.9103338452833238" /><x>30</x><y>304</y></gib5></explosion>

