<?xml version='1.0' encoding='utf-8'?>




<img x="-150" y="-67" w="514" h="626" />
<offsets>
	<floor x="257" y="313" />
	<cloak x="257" y="313" />
</offsets>
<weaponMounts>
	<mount x="308" y="105" rotate="false" mirror="false" gib="4" slide="right" />
	<mount x="206" y="105" rotate="false" mirror="true" gib="4" slide="left" />
	<mount x="337" y="170" rotate="false" mirror="false" gib="4" slide="right" />
	<mount x="177" y="169" rotate="false" mirror="true" gib="4" slide="left" />
</weaponMounts>
<explosion><gib1><velocity min="0.24420559784673201" max="0.8140186594891068" /><direction min="213" max="229" /><angular min="-0.8093528333752559" max="0.8093528333752559" /><x>279</x><y>321</y></gib1><gib2><velocity min="0.183160711448861" max="0.6105357048295367" /><direction min="125" max="141" /><angular min="-0.672603696957028" max="0.672603696957028" /><x>30</x><y>267</y></gib2><gib3><velocity min="0.10212522582006243" max="0.34041741940020814" /><direction min="265" max="281" /><angular min="-0.6390364864098054" max="0.6390364864098054" /><x>242</x><y>155</y></gib3><gib4><velocity min="0.10530095085598982" max="0.3510031695199661" /><direction min="-7" max="9" /><angular min="-0.6347860887210416" max="0.6347860887210416" /><x>157</x><y>30</y></gib4><gib5><velocity min="0.21788068608879263" max="0.7262689536293088" /><direction min="172" max="188" /><angular min="-1.0893801842760753" max="1.0893801842760753" /><x>161</x><y>331</y></gib5></explosion>

