<?xml version='1.0' encoding='utf-8'?>



<img x="-126" y="-126" w="606" h="600" />
<offsets>
	<floor x="303" y="300" />
	<cloak x="303" y="300" />
</offsets>
<weaponMounts>
	<mount x="177" y="127" rotate="false" mirror="true" gib="3" slide="left" />
	<mount x="427" y="127" rotate="false" mirror="false" gib="2" slide="right" />
	<mount x="132" y="179" rotate="false" mirror="true" gib="3" slide="up" />
	<mount x="471" y="179" rotate="false" mirror="false" gib="2" slide="up" />
</weaponMounts>
<explosion><gib1><velocity min="0.3247785366917471" max="1.0825951223058237" /><direction min="133" max="149" /><angular min="-1.071257207794941" max="1.071257207794941" /><x>74</x><y>339</y></gib1><gib2><velocity min="0.15260048909431928" max="0.5086682969810643" /><direction min="289" max="305" /><angular min="-0.6878918918918918" max="0.6878918918918918" /><x>290</x><y>105</y></gib2><gib3><velocity min="0.15197515535188327" max="0.5065838511729442" /><direction min="61" max="77" /><angular min="-0.6767888956843141" max="0.6767888956843141" /><x>24</x><y>105</y></gib3><gib4><velocity min="0.2456444690107395" max="0.818814896702465" /><direction min="-7" max="9" /><angular min="-0.9726755073183782" max="0.9726755073183782" /><x>176</x><y>26</y></gib4><gib5><velocity min="0.3116574500720207" max="1.0388581669067358" /><direction min="211" max="227" /><angular min="-1.0554864394127892" max="1.0554864394127892" /><x>325</x><y>332</y></gib5></explosion>

