<?xml version='1.0' encoding='utf-8'?>



<img x="-85" y="-116" w="479" h="479" />
<offsets>
	<floor x="79" y="110" />
	<cloak x="0" y="59" />
</offsets>
<weaponMounts>
	<mount x="412" y="359" rotate="true" mirror="false" gib="5" slide="down" />
	<mount x="412" y="117" rotate="true" mirror="true" gib="4" slide="up" />
	<mount x="388" y="284" rotate="true" mirror="false" gib="5" slide="right" />
	<mount x="388" y="189" rotate="true" mirror="true" gib="4" slide="right" />
	<mount x="409" y="234" rotate="true" mirror="false" gib="4" slide="no" />
</weaponMounts>
<explosion>
	<gib1><velocity min="0.30286086128995743" max="1.0095362042998581" /><direction min="107" max="123" /><angular min="-1.3482933176628609" max="1.3482933176628609" /><x>30</x><y>231</y></gib1><gib2><velocity min="0.3361724714184633" max="1.120574904728211" /><direction min="61" max="77" /><angular min="-1.3913947847180108" max="1.3913947847180108" /><x>30</x><y>130</y></gib2><gib3><velocity min="0.1" max="0.14567535626598596" /><direction min="331" max="347" /><angular min="-1.0779830861131618" max="1.0779830861131618" /><x>169</x><y>123</y></gib3><gib4><velocity min="0.2518450233694691" max="0.8394834112315638" /><direction min="296" max="312" /><angular min="-1.0222691108140791" max="1.0222691108140791" /><x>248</x><y>89</y></gib4><gib5><velocity min="0.19996456421769945" max="0.6665485473923315" /><direction min="226" max="242" /><angular min="-0.9224288544927204" max="0.9224288544927204" /><x>217</x><y>226</y></gib5></explosion>

