<?xml version='1.0' encoding='utf-8'?>



<img x="-72" y="-89" w="587" h="529" />
<offsets>
	<floor x="66" y="83" />
	<cloak x="-25" y="-25" />
</offsets>
<weaponMounts>
	<mount x="452" y="455" rotate="true" mirror="false" gib="1" slide="right" />
	<mount x="449" y="75" rotate="true" mirror="true" gib="4" slide="right" />
	<mount x="498" y="218" rotate="true" mirror="true" gib="2" slide="up" />
	<mount x="497" y="309" rotate="true" mirror="false" gib="2" slide="down" />
	<mount x="587" y="261" rotate="true" mirror="false" gib="2" slide="no" />
	<mount x="581" y="270" rotate="true" mirror="true" gib="2" slide="no" />
</weaponMounts>
<explosion>
	<gib1><velocity min="0.1" max="0.24327739064790155" /><direction min="173" max="189" /><angular min="-0.4397364002346705" max="0.4397364002346705" /><x>141</x><y>206</y></gib1><gib2><velocity min="0.1" max="0.17144077762144536" /><direction min="318" max="334" /><angular min="-0.2856434550639315" max="0.2856434550639315" /><x>125</x><y>6</y></gib2><gib3><velocity min="0.17769854192436607" max="0.5923284730812203" /><direction min="55" max="71" /><angular min="-0.5451050757347777" max="0.5451050757347777" /><x>0</x><y>1</y></gib3><gib4><velocity min="0.1" max="0.2051072312289123" /><direction min="-12" max="4" /><angular min="-0.4214318120128737" max="0.4214318120128737" /><x>152</x><y>0</y></gib4><gib5><velocity min="0.3209165258927772" max="1.069721752975924" /><direction min="125" max="141" /><angular min="-0.8483903828890363" max="0.8483903828890363" /><x>0</x><y>316</y></gib5></explosion>

