<?xml version='1.0' encoding='utf-8'?>



<img x="-56" y="-8" w="503" h="437" />
<offsets>
	<floor x="50" y="2" />
	<cloak x="-24" y="-25" />
</offsets>
<weaponMounts>
	<mount x="442" y="103" rotate="true" mirror="true" gib="3" slide="up" />
	<mount x="440" y="334" rotate="true" mirror="false" gib="3" slide="down" />
	<mount x="227" y="3" rotate="true" mirror="true" gib="4" slide="up" />
	<mount x="227" y="435" rotate="true" mirror="false" gib="5" slide="down" />
</weaponMounts>
<explosion>
	<gib1><velocity min="0.19133338252265006" max="0.6377779417421668" /><direction min="82" max="98" /><angular min="-0.8511323155216285" max="0.8511323155216285" /><x>24</x><y>138</y></gib1><gib2><velocity min="0.11741106401137925" max="0.3913702133712642" /><direction min="265" max="281" /><angular min="-1.038769282700422" max="1.038769282700422" /><x>235</x><y>116</y></gib2><gib3><velocity min="0.35802171612826716" max="1.1934057204275572" /><direction min="262" max="278" /><angular min="-1.0083734189658562" max="1.0083734189658562" /><x>370</x><y>99</y></gib3><gib4><velocity min="0.17705862530474248" max="0.590195417682475" /><direction min="19" max="35" /><angular min="-0.5787546076882569" max="0.5787546076882569" /><x>2</x><y>0</y></gib4><gib5><velocity min="0.17325386045647598" max="0.5775128681882533" /><direction min="145" max="161" /><angular min="-0.5711177922535864" max="0.5711177922535864" /><x>2</x><y>281</y></gib5></explosion>

