<?xml version='1.0' encoding='utf-8'?>




<img x="-59" y="-36" w="469" h="650" />
<offsets>
	<floor x="234" y="325" />
	<cloak x="234" y="325" />
</offsets>
<weaponMounts>
	<mount x="144" y="116" rotate="false" mirror="true" gib="4" slide="left" />
	<mount x="325" y="116" rotate="false" mirror="false" gib="3" slide="right" />
	<mount x="98" y="337" rotate="false" mirror="true" gib="2" slide="up" />
	<mount x="370" y="334" rotate="false" mirror="false" gib="1" slide="up" />
</weaponMounts>
<explosion><gib1><velocity min="0.1925164963577983" max="0.6417216545259944" /><direction min="207" max="223" /><angular min="-0.6765209396696573" max="0.6765209396696573" /><x>233</x><y>318</y></gib1><gib2><velocity min="0.1" max="0.12592222050681978" /><direction min="78" max="94" /><angular min="-0.9031254628943859" max="0.9031254628943859" /><x>96</x><y>218</y></gib2><gib3><velocity min="0.20513381275007794" max="0.6837793758335932" /><direction min="319" max="335" /><angular min="-1.1658380681818181" max="1.1658380681818181" /><x>218</x><y>107</y></gib3><gib4><velocity min="0.28109767040475436" max="0.9369922346825146" /><direction min="-1" max="15" /><angular min="-0.902762501057619" max="0.902762501057619" /><x>95</x><y>28</y></gib4><gib5><velocity min="0.21604032235006712" max="0.7201344078335571" /><direction min="140" max="156" /><angular min="-0.7190706451232456" max="0.7190706451232456" /><x>28</x><y>345</y></gib5></explosion>

