<?xml version="1.0" encoding="UTF-8"?>

<!--Copyright (c) 2012 by Subset Games. All rights reserved.-->
<img x="-76" y="-36" w="405" h="357" />
<offsets>
	<floor x="70" y="30" />
	<cloak x="0" y="-17" />
</offsets>
<weaponMounts>
	<mount x="166" y="12" rotate="true" mirror="true" gib="4" slide="up" />
	<mount x="304" y="322" rotate="true" mirror="false" gib="1" slide="down" />
	<mount x="346" y="68" rotate="true" mirror="true" gib="3" slide="right" />
	<mount x="346" y="255" rotate="true" mirror="false" gib="1" slide="right" />
	<mount x="345" y="127" rotate="true" mirror="true" gib="3" slide="no" />
</weaponMounts>
<explosion>
	<gib1>
		<velocity min="0.18" max="0.59" />
		<direction min="221" max="237" />
		<angular min="-0.79" max="0.79" />
		<x>200</x>
		<y>153</y>
	</gib1>
	<gib2>
		<velocity min="0.27" max="0.90" />
		<direction min="45" max="61" />
		<angular min="-0.96" max="0.96" />
		<x>52</x>
		<y>14</y>
	</gib2>
	<gib3>
		<velocity min="0.30" max="0.99" />
		<direction min="308" max="324" />
		<angular min="-1.02" max="1.02" />
		<x>225</x>
		<y>8</y>
	</gib3>
	<gib4>
		<velocity min="0.22" max="0.73" />
		<direction min="15" max="31" />
		<angular min="-0.82" max="0.82" />
		<x>64</x>
		<y>8</y>
	</gib4>
	<gib5>
		<velocity min="0.13" max="0.44" />
		<direction min="128" max="144" />
		<angular min="-0.55" max="0.55" />
		<x>44</x>
		<y>157</y>
	</gib5>
</explosion>

