<?xml version='1.0' encoding='utf-8'?>



<img x="-63" y="-34" w="652" h="418" />
<offsets>
	<floor x="57" y="28" />
	<cloak x="19" y="19" />
</offsets>
<weaponMounts>
	<mount x="385" y="128" rotate="true" mirror="true" gib="2" slide="up" />
	<mount x="125" y="83" rotate="true" mirror="false" gib="3" slide="down" />
	<mount x="460" y="149" rotate="true" mirror="true" gib="1" slide="up" />
	<mount x="460" y="269" rotate="true" mirror="false" gib="1" slide="down" />
	<mount x="502" y="98" rotate="true" mirror="true" gib="1" slide="no" />
	<mount x="314" y="343" rotate="true" mirror="false" gib="4" slide="no" />
	<mount x="268" y="250" rotate="true" mirror="true" gib="4" slide="no" />
	<mount x="241" y="43" rotate="false" mirror="false" gib="3" slide="no" />
</weaponMounts>
<explosion>
	<gib1><velocity min="0.31818991874645014" max="1.0606330624881672" /><direction min="274" max="290" /><angular min="-0.9876742115181512" max="0.9876742115181512" /><x>394</x><y>71</y></gib1><gib2><velocity min="0.13326315704262753" max="0.44421052347542517" /><direction min="-2" max="14" /><angular min="-1.0792650087121811" max="1.0792650087121811" /><x>214</x><y>28</y></gib2><gib3><velocity min="0.26251518097278537" max="0.8750506032426179" /><direction min="63" max="79" /><angular min="-0.7886922873395952" max="0.7886922873395952" /><x>27</x><y>6</y></gib3><gib4><velocity min="0.16183518826667534" max="0.5394506275555845" /><direction min="112" max="128" /><angular min="-0.59832647531112" max="0.59832647531112" /><x>9</x><y>176</y></gib4></explosion>
<thrusters sync="true">
    <thruster x="29" y="18">mup_fed_thruster</thruster>
    <thruster x="32" y="331">mup_fed_thruster</thruster>
</thrusters>
