<?xml version='1.0' encoding='utf-8'?>



<img x="-71" y="-40" w="440" h="325" />
<offsets>
	<floor x="65" y="34" />
	<cloak x="-12" y="-10" />
</offsets>
<weaponMounts>
	<mount x="345" y="71" rotate="true" mirror="true" gib="3" slide="up" />
	<mount x="357" y="123" rotate="true" mirror="false" gib="3" slide="right" />
	<mount x="218" y="29" rotate="true" mirror="true" gib="3" slide="up" />
	<mount x="301" y="296" rotate="true" mirror="false" gib="1" slide="down" />
</weaponMounts>
<explosion><gib1><velocity min="0.23964350737939513" max="0.7988116912646505" /><direction min="234" max="250" /><angular min="-0.827136010576764" max="0.827136010576764" /><x>245</x><y>149</y></gib1><gib2><velocity min="0.20777214917941667" max="0.6925738305980556" /><direction min="103" max="119" /><angular min="-0.7322068612391193" max="0.7322068612391193" /><x>28</x><y>119</y></gib2><gib3><velocity min="0.14823289042811183" max="0.4941096347603728" /><direction min="304" max="320" /><angular min="-0.7613035707495152" max="0.7613035707495152" /><x>198</x><y>28</y></gib3><gib4><velocity min="0.23731755967558063" max="0.7910585322519355" /><direction min="44" max="60" /><angular min="-0.9136546184738955" max="0.9136546184738955" /><x>45</x><y>28</y></gib4><gib5><velocity min="0.10167031912194331" max="0.33890106373981105" /><direction min="171" max="187" /><angular min="-0.7587644494978206" max="0.7587644494978206" /><x>129</x><y>143</y></gib5></explosion>
