<?xml version='1.0' encoding='utf-8'?>




<img x="-89" y="0" w="563" h="442" />
<offsets>
	<floor x="281" y="221" />
	<cloak x="281" y="221" />
</offsets>
<weaponMounts>
	<mount x="367" y="28" rotate="false" mirror="false" gib="4" slide="up" />
	<mount x="196" y="28" rotate="false" mirror="true" gib="4" slide="up" />
	<mount x="421" y="62" rotate="false" mirror="false" gib="2" slide="up" />
	<mount x="142" y="62" rotate="false" mirror="true" gib="3" slide="up" />
	<mount x="531" y="290" rotate="false" mirror="true" gib="2" slide="left" />
	<mount x="33" y="290" rotate="false" mirror="false" gib="3" slide="right" />
</weaponMounts>
<explosion><gib1><velocity min="0.1" max="0.13960965046257084" /><direction min="-5" max="11" /><angular min="-0.8784719350446315" max="0.8784719350446315" /><x>171</x><y>104</y></gib1><gib2><velocity min="0.2259467151821608" max="0.7531557172738694" /><direction min="265" max="281" /><angular min="-0.6593943294090926" max="0.6593943294090926" /><x>383</x><y>62</y></gib2><gib3><velocity min="0.2060421499389399" max="0.686807166463133" /><direction min="79" max="95" /><angular min="-0.6241770133476663" max="0.6241770133476663" /><x>0</x><y>62</y></gib3><gib4><velocity min="0.22560302522992753" max="0.7520100840997584" /><direction min="-4" max="12" /><angular min="-0.8586183610597657" max="0.8586183610597657" /><x>133</x><y>0</y></gib4><gib5><velocity min="0.10082941913797394" max="0.33609806379324647" /><direction min="128" max="144" /><angular min="-0.3752120624663436" max="0.3752120624663436" /><x>10</x><y>219</y></gib5></explosion>

