<?xml version='1.0' encoding='utf-8'?>



<img x="-195" y="-95" w="650" h="469" />
<offsets>
	<floor x="189" y="89" />
	<cloak x="17" y="20" />
</offsets>
<weaponMounts>
	<mount x="534" y="144" rotate="true" mirror="true" gib="3" slide="up" />
	<mount x="534" y="325" rotate="true" mirror="false" gib="2" slide="down" />
	<mount x="313" y="98" rotate="true" mirror="true" gib="4" slide="right" />
	<mount x="316" y="370" rotate="true" mirror="false" gib="1" slide="right" />
</weaponMounts>
<explosion><gib1><velocity min="0.1" max="0.3082219619811724" /><direction min="133" max="149" /><angular min="-0.8819068479563582" max="0.8819068479563582" /><x>175</x><y>174</y></gib1><gib2><velocity min="0.27506736346396377" max="0.9168912115465458" /><direction min="252" max="268" /><angular min="-0.9153476601038045" max="0.9153476601038045" /><x>399</x><y>162</y></gib2><gib3><velocity min="0.11764679340071077" max="0.39215597800236923" /><direction min="265" max="281" /><angular min="-0.607772492950927" max="0.607772492950927" /><x>313</x><y>95</y></gib3><gib4><velocity min="0.15647957056518863" max="0.5215985685506288" /><direction min="50" max="66" /><angular min="-0.5802561453121601" max="0.5802561453121601" /><x>25</x><y>28</y></gib4><gib5><velocity min="0.3422868933116703" max="1.140956311038901" /><direction min="119" max="135" /><angular min="-1.0278399922934276" max="1.0278399922934276" /><x>25</x><y>282</y></gib5></explosion>

