<metadata>
  <title><![CDATA[ FTL: FORGEMASTER]]></title>
  <threadUrl><![CDATA[https://subsetgames.com/forum/viewtopic.php?f=11&t=35332]]></threadUrl>
  <author><![CDATA[ Cyrus106, Abstrusity, Maxine, Radish, SeaDragonet, Skye, Kommandant_Julk, DemonFusion, and Vertaalfout. ]]></author>
  <version><![CDATA[ 0.6 ]]></version>
  <description>
<![CDATA[
REQUIRES INFERNO-CORE TO FUNCTION!!!
A major expansion for Multiverse! It includes new NPCs, quests, weapons, sectors, bosses, and more. Drones and augments are coming soon! The primary new feature is: the weapon crafting system, which allows you to combine
numerous weapon combinations into stronger variants (or at the very least, side-grades).These weapons are intended to shine brightest when used on ships with less weapon slots and make use of the newest, most complex features hyperspace has to offer for a completely unique feel! New tooltips will appear on weapon components that can be used for crafting!

0.6 Features:
- removed most crew jank
- minor balance adjustments
- more modular hull bs
- drones?
- another quest?

Excluding all the features from previous versions, 0.5 introduces;
-14 new craftable weapons!
-A new line of weapons, found in a certain kind of sector.
-A new upgrade system called the 'Modular Hull', which you can buy from the Forgemaster at his event!
-A whopping 18 new ship layouts, each obtained by beating the Twisted Renegades with their un-twisted ship variants!
-Drastically changed weapon prices, now ranging from 30-140 scrap.
-A new button at the Forgemaster, allowing you to re-enter the Forgemasters menu multiple times at the same beacon!

0.4.0 Features:

-44 weapons (including the 0.3.4 weapons of course)
-5 new drones (2 exclusive to one line of ships)
-A few new augments
-A new NPC, Alastair the Forgemaster who will now be the facility used for crafting Forgemaster weapons. He will charge you for his services of course, so crafting is no longer free and crafting prices will be used to attempt to balance the risk / reward of each craft.
-The NPC also sells NINE weapons every time you visit him, and can only display weapons in his store that are used for crafting his recipes
-The NPC will be a hub for a vast majority of Forgemaster quests, of which I plan to implement quite a lot in the future.
-Several new quests
-1 new ending
-Plenty of foreshadowing
-3 new unique crew
and MUCH MORE!

 -Credit to Enchanter for the 'Mystery' Beam Sprite. Credit to Robin and DoomElement for the Ishimura Beam Sprite.

 -Thanks to Abstrusity for their COUNTLESS fantastic artwork contributions (Basilisk anyone?). I couldn't have been as proud of this project as I am without your help, support, hard work, and passion for working on this. Thank you!

 -Thanks to Pupi and CgJunior for coding pointers

 -Thanks to my Mysterious Dashing artist friend for the Flamethrower sprite

 -Thanks to the shipyard in general for being a fantastic and helpful resource!

 -Thanks to SallySpartan for letting me utilize assets from his Eldritch Horrors FTL Addon! Much love

 -Thanks to ARS+ Hyperspace edition for some asset inspiration (currently we use none of their assets, don't mesh with Multiverse's art style, but I'd rather give credit ahead of time!)

 -Thanks to Digger4money for letting me use their....literal "Shitshow" Sprite.

 -Thanks to Radish for the Bullsquid sprite.

 -Thanks to R4 for the Crystal Pinpoint sprite, the new Twisted Seperatist (ship and crew) sprite, all the Corrosive lasers and pinpoint,

 -Thanks to BetelgeuseBear for the Hacker Drone, and Cursed Flak sprites. And I'm sure many other awesome art contributions as well.

 -Thanks to Sgt.Apples for the GunHydra ship sprite.

 -Thanks to my soon-to-be-Wife Maxine for writing, art, and banner creation.

 -Thanks to NASA and JPL for the copyright-free images.

 -Thanks to https://unsplash.com/photos/F2SrBdv9swk and wallpaperaccess.com for backgrounds.

 -Thanks to Zenith for the Mossberg and Remington Engi sprites!

 -Thanks to Uielicious for a very in-depth grammar pass on any content she experienced.

 -Thanks to The Return of Florida Man for countless weapon concepts, crew character development concepts, and crazy weird bug fixes

 -Thanks to Prince Nexus for the Hellflash

 -An EXTRA SPECIAL THANKS to the ENTIRE Playtester team!

-Thanks to Github for making this so easy
 INCLUDING
 --BetelgeuseBear
 --Digger4money
 --robinthedragon2
 --Ruwen
 --𝑍𝕖ɴ𝕚𝑡ʜ
 --cgjunior
 --emir57
 --The Return of Florida Man
 --Uielicious
 --Wildcatsson
 --Xears
 --Admiral Billy
 --Dalvest
 --R4V3-0N
 --Crimsonaut
 --Zuggo
 --Shifting Walls
 --Eskephor
 --Sally Spartan
 --Nikonastra (Florida Man Unmasked)
 --Melooo17
 --Prince Nexus
 --Purify
 --Some1
 --Wildcatsson
 --Xears
 --Facided

 -Numerous weapon sounds from Zapsplat.com
If I forget you in the credits, PLEASE LET ME KNOW. I prefer to credit people

-Royalty free music obtained from
https://www.youtube.com/watch?v=yMpNPtta0us


https://youtu.be/5vH15O2jVMY

'Endless void' by Mark Hutson (copyright and royalty free)
https://www.youtube.com/watch?v=4KLpS2nT8nk

and Karl Casey @ White Bat Audio (royalty and copyright free)
https://www.youtube.com/watch?v=ANQ_1mChR-Q&t=131s

Credit to the Terraria Calamity Dev team for the Wyrm sprite, any music, assets, or terminology we may be using to reference them, we do with love and full credit to them. Even if I tweaked their asset it still belongs to them.

Credit to DM Dokuro for "Threats of the Ocean Floor" which is free for anybody to use with credit. https://www.youtube.com/watch?v=O_zPaC5xqns
Credit to Valve for the Bullsquid and Tentacle sound effects.

]]>
  </description>
</metadata>
